{"SchemaVersion":1,"TemplateType":3,"CardTemplateId":"mawingu.tickets.2","BaseCardTemplateId":"mawingu.tickets","BaseCardTemplateVersion":2,"CardTemplateMinorVersion":5,"Name":"Mawingu Ticketing Form","Icon":"icon.png","Description":"Custom action to collect feedback.","ActionClassifications":"default","CardDataFile":"AppModel.json_processed","VisibleInDrawer":true,"IsLocalised":0,"IsPinned":0,"IsInFocus":0,"ForTesting":0,"IsSearchable":0,"ActionScope":"Single","ConversationSelectionType":"UserSelected","ActionForwardPolicy":0,"Views":[{"CreationView":{"LabelHeader":"Feedback requested","ShowNativeToolbar":1,"ViewType":"Html","BackDialogVisibility":1,"BackDialogTitle":"Confirmation","BackDialogDescription":"Are you sure you want to discard?","View":"CreationView.html","iosView":"CreationView.html"}},{"ChatCanvasCardView":{"ShowResponseCount":1,"ViewType":"Html","ShowExpiry":1,"View":"chartCard.json","LabelResponded":"You have provided feedback","LabelRespondToForm":"CONFIRM FEEDBACK","ContentSubTextField":"Expiry","LabelResponseSending":"Submitting your feedback","LabelResponseFailed":"Feedback submission failed","ResponseQuestionId":-1,"ShowHeader":1,"ShowFooter":1,"IsResponseEditable":1,"ShowComments":1,"ShowReceipts":1,"ShowLikes":1}},{"ResponseView":{"LabelHeader":"Provide feedback","ViewType":"Html","ShowQuestionHeader":1,"View":"ResponseView.html","iosView":"ResponseView.html","ShowNativeToolbar":1,"BackDialogVisibility":1,"BackDialogTitle":"Back to chat","BackDialogDescription":"Do you want to cancel and go back to chat?"}},{"ResponseResultsView":{"Visible":1,"View":"SummaryView.html","iosView":"SummaryView.html","ShowNativeToolbar":1,"BackDialogVisibility":1,"BackDialogTitle":"Back to chat","BackDialogDescription":"Do you want to cancel and go back to chat?","ViewType":"Html","ShowCloseCardSection":1,"ShowSendReminderSection":0,"ShowQuestionHeader":1,"LabelPageHeader":"Feedback summary","LabelCloseInfo":"Action closes on {0}","LabelActionExpired":"Action is closed","LabelNotResponded":"You have not responded","LabelRespondNow":"Respond now","LabelAddResponse":"Add a new response","LabelQuestions":"ACTION QUESTIONS","LabelCloseAction":"Close Action","LabelShareActionResults":"Share Action results","LabelDuplicateAction":"Duplicate this Action","LabelDuplicateActionSubText":"Copy questions and create a new Action","LabelCloseActionConfirmation":"Are you sure you want to close the action?"}}]}