{
  "title": "Planting Details",
  "visibility": "All",
  "expiry": 0,
  "isAnonymous": false,
  "isResponseAppended": true,
  "isLocationRequested": false,
  "questions": [{
      "title": "Planting Number",
      "type": "Text"
    },
    {
      "title": "Block Number",
      "type": "Text"
    },
    {
      "title": "Flower Type",
      "type": "Text"
    },
    {
      "title": "Bed Number",
      "type": "Text"
    },
    {
      "title": "Name",
      "type": "Text"
    },
    {
      "title": "Phone No",
      "type": "Text"
    },
    {
      "title": "Location",
      "type": "Location"
    },
    {
      "title": "Response Time",
      "type": "DateTime"
    }
  ]
}