{
	"strMiniAppTitle": "Customer Details",
	"Customer Name": "Customer Full Name",
	"Customer Phone": "Customer Phone Number",
	"Customer Type": "Customer Type",
	"Department": "Department",
	"Region": "Region",
	"Area": "Area",
	"Issue": "Issue",
	"Issue Details": "Issue Details",
	"Name": "Commando Name",
	"Phone No": "Commando Phone Number",
	"Location": "Commando Location",
	"strTapToEnter": "Tap to enter",
	"strSelectYourResponse": "Select your reponse",
	"strMiniAppYourDetails": "Your Details",
	"strNoLocationLabel": "Due to poor network connectivity, your location could not be fetched",
	"strRefreshLabel": "REFRESH",
	"strMiniAppLocationNetworkWarningLabel": "Due to poor network connectivity, your location map could not be fetched. Your location co-ordinates will be shared instead",
	"strMiniAppLoadingLabel": "Please wait while we try to fetch your location",
	"strNoLocationAlertLabel": "Location not found. Please ensure that you have turned on location services and provided Kaizala the location permission. Tap on refresh below to try fetching location again",
	"strProgressTextLabel": "{0} of {1}",
	"strConnectGroupName": "Need To change",
	"strMiniAppHeaderTimeLabel": "Created by you at {0}",
	"strSendResponseLabel": "SUBMIT",
	"Response Time": "Response Time"
}