{
    "questions": [{
            "title": "Rating",
            "type": "Numeric"
        },
        {
            "title": "Comments",
            "type": "Text"
        },
        {
            "title": "Comments",
            "type": "Text"
        },
        {
            "title": "Comments",
            "type": "Text"
        },
        {
            "title": "Comments",
            "type": "Text"
        },
        {
            "title": "Comments",
            "type": "Text"
        },
        {
            "title": "Comments",
            "type": "Text"
        },
        {
            "title": "Comments",
            "type": "Text"
        },
        {
            "title": "Comments",
            "type": "Text"
        },
        {
            "title": "Comments",
            "type": "Text"
        },
        {
            "title": "Comments",
            "type": "Text"
        }
    ],
    "title": "Ask for feedback",
    "visibility": "All",
    "isAnonymous": false,
    "isResponseAppended": false
}